Workbook

Sheet RK1
A1: Hoppenbrouwers Techniek BV
A2: Kreitemolenstraat 201
A3: 5071 ND Udenhout
A4: T: 013 5117227
A5: F: 013 5114145
A7: Project: | B7: Kindcentrum Chaam
A8: Projectnummer: | B8: 2605577
A9: Opgesteld: | B9: S. Timmermans
A10: Status: | B10: Calculatie/Ontwerp
A11: Datum: | B11: 46237
A14: Regelkast: | D14: Bedrijfmelding | E14: Storingsmelding | F14: Analoge ingang | G14: Digitale uitgang | H14: Analoge uitgang | I14: Verzend waarde | J14: Ontvang waarde | K14: P [kW] | L14: I [A] | M14: U [V] | O14: Sturen | P14: Meten | Q14: Fabricaat | R14: Type
A15: Document nr:
A16: Bladnummer: | C16: Bestek
N20: Preferent 2
A21: I/O check | B21: Omschrijving | C21: Proces code | D21: B | E21: ST | F21: AI | G21: I/O | H21: AU | I21: VW | J21: OW
B22: Algemeen
B23: Buitentemperatuuropnemer | D23: - | E23: - | F23: 2 | G23: - | H23: - | I23: - | J23: - | M23: 24
B24: Verzamel storingsmelding urgent (front deur) | D24: - | E24: - | F24: - | G24: 1 | H24: - | I24: - | J24: -
B25: Verzamel storingsmelding niet-urgent (front deur) | D25: - | E25: - | F25: - | G25: 1 | H25: - | I25: - | J25: -
B26: Reset storingsmelding (drukknop op front) | D26: - | E26: - | F26: - | G26: 1 | H26: - | I26: - | J26: -
B27: Brandmelding Brandmeldcentrale (levering E-installateur) | D27: - | E27: - | F27: - | G27: 1 | H27: - | I27: - | J27: -
B28: Signalering Brandsituatie (front deur) | D28: - | E28: - | F28: - | G28: 1 | H28: - | I28: - | J28: -
B29: Brandschakelaar toevoer (brandpaneel levering E-installateur) | D29: - | E29: - | F29: - | G29: 2 | H29: - | I29: - | J29: -
B30: Brandschakelaar afvoer (brandpaneel levering E-installateur) | D30: - | E30: - | F30: - | G30: 2 | H30: - | I30: - | J30: -
B31: Signalering brandklep (verzameld) | D31: - | E31: - | F31: - | G31: 1 | H31: - | I31: - | J31: -
B33: Warmtepomp 1
B34: Warmtepomp. | D34: - | E34: - | F34: - | G34: - | H34: - | I34: 5 | J34: 10 | K34: Hopp-E | P34: Modbus-RTU
B35: Warmtepomp. Vrijgave | D35: - | E35: - | F35: - | G35: 1 | H35: - | I35: - | J35: -
B36: Warmtepomp. Storing | D36: - | E36: 1 | F36: - | G36: - | H36: - | I36: - | J36: -
B37: Warmtepomp. Vermogen sturing | D37: - | E37: - | F37: - | G37: - | H37: 1 | I37: - | J37: -
B38: Tracing. Vrijgave | D38: - | E38: - | F38: - | G38: 1 | H38: - | I38: - | J38: - | K38: 1.5 | M38: 230
B39: Tracing. Storing | D39: - | E39: 1 | F39: - | G39: - | H39: - | I39: - | J39: -
B40: 3-weg afsluiter | D40: - | E40: - | F40: - | G40: - | H40: 1 | I40: - | J40: - | R40: VXF22.80-100 - DN80
B41: Aanvoer temperatuur | D41: - | E41: - | F41: 1 | G41: - | H41: - | I41: - | J41: - | Q41: Siemens | R41: QAE2120.010
B42: Retour temperatuur | D42: - | E42: - | F42: 1 | G42: - | H42: - | I42: - | J42: - | Q42: Siemens | R42: QAE2120.010
B43: Energiemeter | D43: - | E43: - | F43: - | G43: - | H43: - | I43: - | J43: 4 | L43: 6 | M43: 230 | P43: Bacnet MS/TP
B45: Warmtepomp 2
B46: Warmtepomp. | D46: - | E46: - | F46: - | G46: - | H46: - | I46: 5 | J46: 10 | K46: Hopp-E | P46: Modbus-RTU
B47: Warmtepomp. Vrijgave | D47: - | E47: - | F47: - | G47: 1 | H47: - | I47: - | J47: -
B48: Warmtepomp. Storing | D48: - | E48: 1 | F48: - | G48: - | H48: - | I48: - | J48: -
B49: Warmtepomp. Vermogen sturing | D49: - | E49: - | F49: - | G49: - | H49: 1 | I49: - | J49: -
B50: 3-weg afsluiter | D50: - | E50: - | F50: - | G50: - | H50: 1 | I50: - | J50: - | R50: VXF22.80-100 - DN80
B51: Aanvoer temperatuur | D51: - | E51: - | F51: 1 | G51: - | H51: - | I51: - | J51: - | Q51: Siemens | R51: QAE2120.010
B52: Retour temperatuur | D52: - | E52: - | F52: 1 | G52: - | H52: - | I52: - | J52: - | Q52: Siemens | R52: QAE2120.010
B53: Energiemeter | D53: - | E53: - | F53: - | G53: - | H53: - | I53: - | J53: 4 | L53: 6 | M53: 230 | P53: Bacnet MS/TP
B55: Warmtepomp 3
B56: Warmtepomp. | D56: - | E56: - | F56: - | G56: - | H56: - | I56: 5 | J56: 10 | K56: Hopp-E | P56: Modbus-RTU
B57: Warmtepomp. Vrijgave | D57: - | E57: - | F57: - | G57: 1 | H57: - | I57: - | J57: -
B58: Warmtepomp. Storing | D58: - | E58: 1 | F58: - | G58: - | H58: - | I58: - | J58: -
B59: Warmtepomp. Vermogen sturing | D59: - | E59: - | F59: - | G59: - | H59: 1 | I59: - | J59: -
B60: 3-weg afsluiter | D60: - | E60: - | F60: - | G60: - | H60: 1 | I60: - | J60: - | R60: VXF22.80-100 - DN80
B61: Aanvoer temperatuur | D61: - | E61: - | F61: 1 | G61: - | H61: - | I61: - | J61: - | Q61: Siemens | R61: QAE2120.010
B62: Retour temperatuur | D62: - | E62: - | F62: 1 | G62: - | H62: - | I62: - | J62: - | Q62: Siemens | R62: QAE2120.010
B63: Energiemeter | D63: - | E63: - | F63: - | G63: - | H63: - | I63: - | J63: 4 | L63: 6 | M63: 230 | P63: Bacnet MS/TP
B65: Warmtepomp 4
B66: Warmtepomp. | D66: - | E66: - | F66: - | G66: - | H66: - | I66: 5 | J66: 10 | K66: Hopp-E | P66: Modbus-RTU
B67: Warmtepomp. Vrijgave | D67: - | E67: - | F67: - | G67: 1 | H67: - | I67: - | J67: -
B68: Warmtepomp. Storing | D68: - | E68: 1 | F68: - | G68: - | H68: - | I68: - | J68: -
B69: Warmtepomp. Vermogen sturing | D69: - | E69: - | F69: - | G69: - | H69: 1 | I69: - | J69: -
B70: 3-weg afsluiter | D70: - | E70: - | F70: - | G70: - | H70: 1 | I70: - | J70: - | R70: VXF22.80-100 - DN80
B71: Aanvoer temperatuur | D71: - | E71: - | F71: 1 | G71: - | H71: - | I71: - | J71: - | Q71: Siemens | R71: QAE2120.010
B72: Retour temperatuur | D72: - | E72: - | F72: 1 | G72: - | H72: - | I72: - | J72: - | Q72: Siemens | R72: QAE2120.010
B73: Energiemeter | D73: - | E73: - | F73: - | G73: - | H73: - | I73: - | J73: 4 | L73: 6 | M73: 230 | P73: Bacnet MS/TP
B75: Warmtepomp change-over
B76: Regelafsluiter aanvoer CV | D76: - | E76: - | F76: - | G76: 3 | H76: - | I76: - | J76: - | Q76: Siemens | R76: SAL81.03T10/F05 - DN80
B77: Regelafsluiter retour CV | D77: - | E77: - | F77: - | G77: 3 | H77: - | I77: - | J77: - | Q77: Siemens | R77: SAL81.03T10/F05 - DN80
B78: Regelafsluiter aanvoer GKW | D78: - | E78: - | F78: - | G78: 3 | H78: - | I78: - | J78: - | Q78: Siemens | R78: SAL81.03T10/F05 - DN80
B79: Regelafsluiter retour GKW | D79: - | E79: - | F79: - | G79: 3 | H79: - | I79: - | J79: - | Q79: Siemens | R79: SAL81.03T10/F05 - DN80
B81: Warmte distributie
B82: Aanvoer temperatuur | D82: - | E82: - | F82: 1 | G82: - | H82: - | I82: - | J82: - | Q82: Siemens | R82: QAE2120.010
B83: Retour temperatuur | D83: - | E83: - | F83: 1 | G83: - | H83: - | I83: - | J83: - | Q83: Siemens | R83: QAE2120.010
B84: Buffertemperatuur laag | D84: - | E84: - | F84: 1 | G84: - | H84: - | I84: - | J84: - | Q84: Vedotec | R84: TF65 NI1000TK 400mm
B85: Buffertemperatuur hoog | D85: - | E85: - | F85: 1 | G85: - | H85: - | I85: - | J85: - | Q85: Vedotec | R85: TF65 NI1000TK 400mm
B86: Circultiepomp. Vrijgave | D86: - | E86: - | F86: - | G86: 1 | H86: - | I86: - | J86: - | K86: 0.5 | M86: 230 | Q86: Grundfos | R86: Magna3 XX-XX
B87: Circulatiepomp. Storing | D87: - | E87: 1 | F87: - | G87: - | H87: - | I87: - | J87: -
B88: Circultiepomp. Sturing | D88: - | E88: - | F88: - | G88: 1 | H88: - | I88: - | J88: -
B89: Aanvoer temperatuur | D89: - | E89: - | F89: 1 | G89: - | H89: - | I89: - | J89: - | Q89: Siemens | R89: QAE2120.010
B90: Retour temperatuur | D90: - | E90: - | F90: 1 | G90: - | H90: - | I90: - | J90: - | Q90: Siemens | R90: QAE2120.010
B91: Systeemdrukopnemer | D91: - | E91: - | F91: 1 | G91: - | H91: - | I91: - | J91: - | Q91: Siemens | R91: QBE2003-P6
B92: Ontgasser | D92: - | E92: 1 | F92: - | G92: - | H92: - | I92: - | J92: -
B94: Koude distributie
B95: Aanvoer temperatuur | D95: - | E95: - | F95: 1 | G95: - | H95: - | I95: - | J95: - | Q95: Siemens | R95: QAE2120.010
B96: Retour temperatuur | D96: - | E96: - | F96: 1 | G96: - | H96: - | I96: - | J96: - | Q96: Siemens | R96: QAE2120.010
B97: Buffertemperatuur laag | D97: - | E97: - | F97: 1 | G97: - | H97: - | I97: - | J97: - | Q97: Vedotec | R97: TF65 NI1000TK 400mm
B98: Buffertemperatuur hoog | D98: - | E98: - | F98: 1 | G98: - | H98: - | I98: - | J98: - | Q98: Vedotec | R98: TF65 NI1000TK 400mm
B99: Circultiepomp. Vrijgave | D99: - | E99: - | F99: - | G99: 1 | H99: - | I99: - | J99: - | K99: 0.5 | M99: 230 | Q99: Grundfos | R99: Magna3 XX-XX
B100: Circulatiepomp. Storing | D100: - | E100: 1 | F100: - | G100: - | H100: - | I100: - | J100: -
B101: Circultiepomp. Sturing | D101: - | E101: - | F101: - | G101: 1 | H101: - | I101: - | J101: -
B102: Aanvoer temperatuur | D102: - | E102: - | F102: 1 | G102: - | H102: - | I102: - | J102: - | Q102: Siemens | R102: QAE2120.010
B103: Retour temperatuur | D103: - | E103: - | F103: 1 | G103: - | H103: - | I103: - | J103: - | Q103: Siemens | R103: QAE2120.010
B104: Systeemdrukopnemer | D104: - | E104: - | F104: 1 | G104: - | H104: - | I104: - | J104: - | Q104: Siemens | R104: QBE2003-P6
B105: Ontgasser | D105: - | E105: 1 | F105: - | G105: - | H105: - | I105: - | J105: -
B107: Change-over groep naverwarmers
B108: Vlinderklep aanvoer CV | D108: - | E108: - | F108: - | G108: 3 | H108: - | I108: - | J108: - | R108: SAL81.03T10/F05 - DN80
B109: Vlinderklep retour CV | D109: - | E109: - | F109: - | G109: 3 | H109: - | I109: - | J109: - | R109: SAL81.03T10/F05 - DN80
B110: Vlinderklep aanvoer GKW | D110: - | E110: - | F110: - | G110: 3 | H110: - | I110: - | J110: - | R110: SAL81.03T10/F05 - DN80
B111: Vlinderklep retour GKW | D111: - | E111: - | F111: - | G111: 3 | H111: - | I111: - | J111: - | R111: SAL81.03T10/F05 - DN80
B112: Aanvoer temperatuur | D112: - | E112: - | F112: 1 | G112: - | H112: - | I112: - | J112: - | Q112: Siemens
B113: Retour temperatuur | D113: - | E113: - | F113: 1 | G113: - | H113: - | I113: - | J113: - | Q113: Siemens
B115: CV / GKW-groep naverwarming/-koeling bouwdeel B+D
...

Sheet Naregelingen
A1: Hoppenbrouwers Techniek BV
A2: Kreitemolenstraat 201
A3: 5071 ND Udenhout
A4: T: 013 5117227
A5: F: 013 5114145
A7: Project: | B7: Kindcentrum Chaam
A8: Projectnummer: | B8: 2605577
A9: Opgesteld: | B9: Sven Timmermans
A10: Status: | B10: ='RK1'!B10 -> Calculatie/Ontwerp
A11: Datum: | B11: 46237
A14: Lokaal/ruimte nr. | B14: Aantal | C14: Naregelaar benaming | S14: modulen | Z14: 2-weg klep CV 0 - 10 V - DN15 | AA14: 2-weg klep CV 0 - 10 V - DN20 | AB14: 2-weg klep CV 0 - 10 V - DN25 | AC14: VAV klep Toevoer | AD14: VAV Retour | AE14: E- kanaal verwarmer 0 - 10 V | AF14: 2-weg klep GWK 0 - 10 V - DN25 | AG14: FCU ventilator stand 0 - 10 V | AH14: Change over koelklep | AI14: Vrijgave vloerverwarming | AJ14: Aanvullende digitale uitgang gebruikt | AK14: Aanvullende meting gebruikt | AL14: Opmerking(en)
D15: Priva Comforte CX2 naregelaar | E15: Voedingmodule 230V | F15: Touchpoint One | G15: Analoge-uitgangsmodule | H15: OFTF Ni1000 TK5000 | N15: Serie nr. | O15: OS nr. | AM15: Opmerking(en) | AN15: Naregeling type v.b. schema | AO15: Opmerking
A16: Typical VAV + Naverwarmer | B16: 18 | D16: 18 | E16: 18 | F16: 18 | AA16: 18 | AC16: 18 | AD16: 1
A17: Typical VAV + naverwarmer + vloerverwarming | B17: 19 | D17: 19 | E17: 19 | F17: 19 | AA17: 19 | AC17: 19 | AD17: 1 | AI17: 19
A18: Typical VAV + naverwarmer + plenum retour | B18: 6 | D18: 6 | E18: 6 | F18: 6 | G18: 6 | AA18: 6 | AC18: 6 | AD18: 6
A19: Typical CAV + naverwarmer | B19: 12 | D19: 12 | E19: 12 | F19: 12 | AA19: 12
A20: Typical vloerverwarmingsverdeler (max. 3 groepen) | B20: 7 | D20: 7 | E20: 7 | H20: 7 | AI20: 7
A21: Typical gymzaal middels VRF | B21: 2 | D21: 2 | E21: 2 | F21: 2 | AC21: 2 | AD21: 2
D26: =SUM(D16:D24) -> 64 | E26: =SUM(E16:E24) -> 64 | F26: =SUM(F16:F24) -> 57 | G26: =SUM(G16:G24) -> 6 | H26: =SUM(H16:H24) -> 7 | I26: =SUM(I16:I24) -> 0 | J26: =SUM(J16:J24) -> 0 | K26: =SUM(K16:K24) -> 0 | ... M26: =SUM(M16:M24) -> 0 | Z26: =SUM(Z16:Z24) -> 0 | AA26: =SUM(AA16:AA24) -> 55 | AB26: =SUM(AB16:AB24) -> 0 | AC26: =SUM(AC16:AC24) -> 45 | AD26: =SUM(AD16:AD24) -> 10 | AE26: =SUM(AE16:AE24) -> 0 | AF26: =SUM(AF16:AF24) -> 0 | AG26: =SUM(AG16:AG24) -> 0 | AI26: =SUM(AI16:AI24) -> 26 | AJ26: =SUM(AJ16:AJ24) -> 0 | AK26: =SUM(AK16:AK24) -> 0 | AL26: =SUM(AL16:AL24) -> 0

Sheet E-voorzieningen
A1: Hoppenbrouwers Techniek BV
A2: Kreitemolenstraat 201
A3: 5071 ND Udenhout
A4: T: 013 5117227
A5: F: 013 5114145
A7: Project: | C7: ='RK1'!B7 -> Kindcentrum Chaam
A8: Projectnummer: | C8: ='RK1'!B8 -> 2605577
A9: Opgesteld: | C9: J. Denissen
A10: Status: | C10: ='RK1'!B10 -> Calculatie/Ontwerp
A11: Datum: | C11: ='RK1'!B11 -> 46237
A14: Voedingen
A15: Nummer | B15: Omschrijving | J15: Locatie | K15: U [V] | L15: I [A] | M15: Pw [kW] | N15: Ps [kVa] | O15: Gelijk-tijdigheid [%] | P15: Ptot [kVa] | Q15: Aanbevolen automaat [A] | R15: Kortsluit-stroom [kA] | S15: Karakteristiek | T15: Incl. Nuldraad | U15: kWh-meter | V15: Verdeler | W15: Groep | X15: Kabel diameter | Y15: Opmerking
A16: 1 | P16: =N16*O16 -> 0 | T16: =IF(K16=0,"N.v.t.",IF(K16=24,"N.v.t.",IF(K16=230,"N.v.t.",IF(K16=400,"Ja")))) -> N.v.t.
A17: 2 | P17: =N17*O17 -> 0 | T17: =IF(K17=0,"N.v.t.",IF(K17=24,"N.v.t.",IF(K17=230,"N.v.t.",IF(K17=400,"Ja")))) -> N.v.t.
A18: 3 | N18: =M18/0.9 -> 0 | P18: =N18*O18 -> 0 | T18: =IF(K18=0,"N.v.t.",IF(K18=24,"N.v.t.",IF(K18=230,"N.v.t.",IF(K18=400,"Ja")))) -> N.v.t.
A19: 4 | N19: =M19/0.9 -> 0 | P19: =N19*O19 -> 0 | T19: =IF(K19=0,"N.v.t.",IF(K19=24,"N.v.t.",IF(K19=230,"N.v.t.",IF(K19=400,"Ja")))) -> N.v.t.
A20: 5 | N20: =M20/0.9 -> 0 | P20: =N20*O20 -> 0 | T20: =IF(K20=0,"N.v.t.",IF(K20=24,"N.v.t.",IF(K20=230,"N.v.t.",IF(K20=400,"Ja")))) -> N.v.t.
A21: 6 | N21: =M21/0.9 -> 0 | P21: =N21*O21 -> 0 | T21: =IF(K21=0,"N.v.t.",IF(K21=24,"N.v.t.",IF(K21=230,"N.v.t.",IF(K21=400,"Ja")))) -> N.v.t.
A22: 7 | N22: =M22/0.9 -> 0 | P22: =N22*O22 -> 0 | T22: =IF(K22=0,"N.v.t.",IF(K22=24,"N.v.t.",IF(K22=230,"N.v.t.",IF(K22=400,"Ja")))) -> N.v.t.
A23: 8 | N23: =M23/0.9 -> 0 | P23: =N23*O23 -> 0 | T23: =IF(K23=0,"N.v.t.",IF(K23=24,"N.v.t.",IF(K23=230,"N.v.t.",IF(K23=400,"Ja")))) -> N.v.t.
A24: 9 | N24: =M24/0.9 -> 0 | P24: =N24*O24 -> 0 | T24: =IF(K24=0,"N.v.t.",IF(K24=24,"N.v.t.",IF(K24=230,"N.v.t.",IF(K24=400,"Ja")))) -> N.v.t.
A25: 10 | N25: =M25/0.9 -> 0 | P25: =N25*O25 -> 0 | T25: =IF(K25=0,"N.v.t.",IF(K25=24,"N.v.t.",IF(K25=230,"N.v.t.",IF(K25=400,"Ja")))) -> N.v.t.
N26: =M26/0.9 -> 0 | P26: =N26*O26 -> 0 | T26: =IF(K26=0,"N.v.t.",IF(K26=24,"N.v.t.",IF(K26=230,"N.v.t.",IF(K26=400,"Ja")))) -> N.v.t.
N27: =M27/0.9 -> 0 | P27: =N27*O27 -> 0 | T27: =IF(K27=0,"N.v.t.",IF(K27=24,"N.v.t.",IF(K27=230,"N.v.t.",IF(K27=400,"Ja")))) -> N.v.t.
N28: =M28/0.9 -> 0 | P28: =N28*O28 -> 0 | T28: =IF(K28=0,"N.v.t.",IF(K28=24,"N.v.t.",IF(K28=230,"N.v.t.",IF(K28=400,"Ja")))) -> N.v.t.
N29: =M29/0.9 -> 0 | P29: =N29*O29 -> 0 | T29: =IF(K29=0,"N.v.t.",IF(K29=24,"N.v.t.",IF(K29=230,"N.v.t.",IF(K29=400,"Ja")))) -> N.v.t.
N30: =M30/0.9 -> 0 | P30: =N30*O30 -> 0 | T30: =IF(K30=0,"N.v.t.",IF(K30=24,"N.v.t.",IF(K30=230,"N.v.t.",IF(K30=400,"Ja")))) -> N.v.t.
N31: =M31/0.9 -> 0 | P31: =N31*O31 -> 0 | T31: =IF(K31=0,"N.v.t.",IF(K31=24,"N.v.t.",IF(K31=230,"N.v.t.",IF(K31=400,"Ja")))) -> N.v.t.
N32: =M32/0.9 -> 0 | P32: =N32*O32 -> 0 | T32: =IF(K32=0,"N.v.t.",IF(K32=24,"N.v.t.",IF(K32=230,"N.v.t.",IF(K32=400,"Ja")))) -> N.v.t.
N33: =M33/0.9 -> 0 | P33: =N33*O33 -> 0 | T33: =IF(K33=0,"N.v.t.",IF(K33=24,"N.v.t.",IF(K33=230,"N.v.t.",IF(K33=400,"Ja")))) -> N.v.t.
N34: =M34/0.9 -> 0 | P34: =N34*O34 -> 0 | T34: =IF(K34=0,"N.v.t.",IF(K34=24,"N.v.t.",IF(K34=230,"N.v.t.",IF(K34=400,"Ja")))) -> N.v.t.
N35: =M35/0.9 -> 0 | P35: =N35*O35 -> 0 | T35: =IF(K35=0,"N.v.t.",IF(K35=24,"N.v.t.",IF(K35=230,"N.v.t.",IF(K35=400,"Ja")))) -> N.v.t.
M36: Schijnbaar vermogen | N36: =SUM(N16:N35) -> 0 | O36: kVa
M37: Gemiddelde gelijktijdigheid | N37: =IF(N36=0,0,(SUM(P16:P35)/SUM(N16:N35))) -> 0
M38: Totaal vermogen | N38: =N36*N37 -> 0 | O38: kVa
A41: Voorzieningen
A42: Aantal | B42: Omschrijving | J42: Locatie | K42: Opmerking
A43: 1 | B43: Brandmeldcontact
A44: 12 | B44: Loze voorziening t.b.v. thermostaat
